"","from","to","prob","length_median","length_hpd_l","length_hpd_h","nodes_median","nodes_hpd_l","nodes_hpd_h"
"2","Spheniscus_humboldti","Spheniscus_demersus",1,1.61447968741136,0.780501122142808,2.44933752353857,1,1,1
"3","Spheniscus_humboldti","Spheniscus_magellanicus",1,2.07103914377993,1.21961332300942,2.78455380462821,1,1,1
"4","Spheniscus_humboldti","Spheniscus_mendiculus",1,1.60329344385717,0.775810201458432,2.30978203428379,0,0,0
"121","Platydyptes_novaezealandiae","Platydyptes_marplesi",0.903,2.64303664093556,0.00286191019594639,7.50222747577247,0,0,1
"91","Platydyptes_novaezealandiae","Megadyptes_antipodes",0.782,27.7883478557363,25.118156019996,33.4783762620056,9,6,11
"92","Platydyptes_novaezealandiae","Eudyptes_pachyrhynchus",0.782,27.7795961481601,25.1504081628938,33.5296952386421,12,9,15
"93","Platydyptes_novaezealandiae","Eudyptula_minor",0.782,27.7809508353284,25.0989114391325,33.4830614163548,7,4,11
"94","Platydyptes_novaezealandiae","Spheniscus_demersus",0.782,27.390894256805,24.5959977075647,33.1478180994038,13,9,16
"95","Platydyptes_novaezealandiae","Spheniscus_humboldti",0.782,21.832401477476,18.821547079526,27.9522184335936,10,6,13
"96","Platydyptes_novaezealandiae","Spheniscus_urbinai",0.782,18.1066434729549,15.0462170243883,24.2709523915691,8,5,11
"97","Platydyptes_novaezealandiae","Spheniscus_megaramphus",0.782,19.9289447471288,15.6605575011554,26.0970393817402,10,7,13
"98","Platydyptes_novaezealandiae","Spheniscus_muizoni",0.782,18.187811683594,15.1774426912121,24.4141680883406,8,5,11
"99","Platydyptes_novaezealandiae","Palaeospheniscus_bergi",0.782,8.14547136657093,3.54757752445947,14.3497694381119,2,0,4
"101","Platydyptes_novaezealandiae","Pygoscelis_grandis",0.782,21.5628171310106,17.4087018495314,27.6183890186074,8,5,11
"102","Platydyptes_novaezealandiae","Aptenodytes_forsteri",0.782,27.8561958652763,25.2015307293739,33.546876028688,9,5,13
"103","Platydyptes_novaezealandiae","Aptenodytes_patagonicus",0.782,27.8561958652763,25.2015307293739,33.546876028688,9,5,13
"104","Platydyptes_novaezealandiae","Pygoscelis_antarctica",0.782,27.8561958652763,25.2015307293739,33.546876028688,9,6,14
"105","Platydyptes_novaezealandiae","Pygoscelis_papua",0.782,27.8561958652763,25.2015307293739,33.546876028688,9,6,14
"106","Platydyptes_novaezealandiae","Pygoscelis_adeliae",0.782,27.8561958652763,25.2015307293739,33.546876028688,8,5,13
"107","Platydyptes_novaezealandiae","Eudyptes_chrysocome",0.782,27.8561958652763,25.2015307293739,33.546876028688,13,10,16
"108","Platydyptes_novaezealandiae","Eudyptes_chrysolophus",0.782,27.8561958652763,25.2015307293739,33.546876028688,12,9,15
"109","Platydyptes_novaezealandiae","Eudyptes_filholi",0.782,27.8561958652763,25.2015307293739,33.546876028688,13,10,16
"110","Platydyptes_novaezealandiae","Eudyptes_moseleyi",0.782,27.8561958652763,25.2015307293739,33.546876028688,12,9,15
"111","Platydyptes_novaezealandiae","Eudyptes_robustus",0.782,27.8561958652763,25.2015307293739,33.546876028688,12,9,15
"112","Platydyptes_novaezealandiae","Eudyptes_schlegeli",0.782,27.8561958652763,25.2015307293739,33.546876028688,12,9,15
"113","Platydyptes_novaezealandiae","Eudyptes_sclateri",0.782,27.8561958652763,25.2015307293739,33.546876028688,11,8,14
"114","Platydyptes_novaezealandiae","Madrynornis_mirandus",0.782,17.8651732466486,15.0598063723631,23.5806289542213,7,4,10
"115","Platydyptes_novaezealandiae","Spheniscus_magellanicus",0.782,27.8561958652763,25.2015307293739,33.546876028688,13,9,16
"116","Platydyptes_novaezealandiae","Spheniscus_mendiculus",0.782,27.8561958652763,25.2015307293739,33.546876028688,13,9,16
"117","Platydyptes_novaezealandiae","Marplesornis_novaezealandiae",0.782,21.9425120269867,12.8606248939727,29.295879304845,9,2,13
"118","Platydyptes_novaezealandiae","Palaeospheniscus_biloculata",0.782,8.8950583270654,5.90887184043908,14.8391949571527,3,1,5
"119","Platydyptes_novaezealandiae","Palaeospheniscus_patagonicus",0.782,8.84551733778611,5.7853023062731,14.6739138169104,3,1,5
"120","Platydyptes_novaezealandiae","Eretiscus_tonnii",0.782,8.93778611048244,5.84548199770612,14.7848248708654,3,1,5
"63","Palaeospheniscus_bergi","Megadyptes_antipodes",0.722,15.2972155531948,11.8784873721916,20.3562694543089,4,2,6
"64","Palaeospheniscus_bergi","Eudyptes_pachyrhynchus",0.722,15.2904287610102,11.9835719332173,20.4710532505521,8,6,10
"65","Palaeospheniscus_bergi","Eudyptula_minor",0.722,15.292082952227,11.7859235683514,20.2715485100898,2,0,6
"66","Palaeospheniscus_bergi","Spheniscus_demersus",0.722,14.912293518991,11.5927296881106,20.0676726322191,9,5,11
"67","Palaeospheniscus_bergi","Spheniscus_humboldti",0.722,9.26159161176484,5.68193305868047,14.46681713725,6,2,8
"68","Palaeospheniscus_bergi","Spheniscus_urbinai",0.722,5.6020919146588,2.11762332910094,11.033496000709,3,1,6
"69","Palaeospheniscus_bergi","Spheniscus_megaramphus",0.722,7.17336542784052,2.78415092134052,12.8859080968378,5,1,7
"71","Palaeospheniscus_bergi","Pygoscelis_grandis",0.722,8.73573041750683,4.42488833027764,14.4493803724107,3,1,6
"72","Palaeospheniscus_bergi","Aptenodytes_forsteri",0.722,15.2165850337267,11.7548748614849,20.2822822520743,4,1,8
"73","Palaeospheniscus_bergi","Aptenodytes_patagonicus",0.722,15.2165850337267,11.7548748614849,20.2822822520743,4,1,8
"74","Palaeospheniscus_bergi","Pygoscelis_antarctica",0.722,15.1958287830639,11.7481742203153,20.3026415427904,4,2,8
"75","Palaeospheniscus_bergi","Pygoscelis_papua",0.722,15.1958287830639,11.7481742203153,20.3026415427904,4,2,8
"76","Palaeospheniscus_bergi","Pygoscelis_adeliae",0.722,15.1958287830639,11.7481742203153,20.3026415427904,3,1,8
"77","Palaeospheniscus_bergi","Eudyptes_chrysocome",0.722,15.3681743484014,12.0882660511958,20.5718597765659,8,6,11
"78","Palaeospheniscus_bergi","Eudyptes_chrysolophus",0.722,15.3681743484014,12.0882660511958,20.5718597765659,7,4,9
"79","Palaeospheniscus_bergi","Eudyptes_filholi",0.722,15.3681743484014,12.0882660511958,20.5718597765659,8,6,11
"80","Palaeospheniscus_bergi","Eudyptes_moseleyi",0.722,15.3681743484014,12.0882660511958,20.5718597765659,7,5,10
"81","Palaeospheniscus_bergi","Eudyptes_robustus",0.722,15.3681743484014,12.0882660511958,20.5718597765659,8,6,10
"82","Palaeospheniscus_bergi","Eudyptes_schlegeli",0.722,15.3681743484014,12.0882660511958,20.5718597765659,7,4,9
"83","Palaeospheniscus_bergi","Eudyptes_sclateri",0.722,15.3681743484014,12.0882660511958,20.5718597765659,6,3,8
"84","Palaeospheniscus_bergi","Madrynornis_mirandus",0.722,5.36493418013262,1.91595429713047,10.3802716503684,2,0,4
"85","Palaeospheniscus_bergi","Spheniscus_magellanicus",0.722,15.3685931688055,11.9460453415115,20.3914254095162,9,5,11
"86","Palaeospheniscus_bergi","Spheniscus_mendiculus",0.722,15.3685931688055,11.9460453415115,20.3914254095162,9,5,11
"70","Palaeospheniscus_bergi","Spheniscus_muizoni",0.722,5.66895440346802,2.02423480421438,10.7857089865001,4,1,6
"87","Palaeospheniscus_bergi","Marplesornis_novaezealandiae",0.699,9.57904730582591,1.57307855266075,15.9286959255789,5,0,8
"348","Delphinornis_wimani","Delphinornis_arctowskii",0.682,1.75859687527808,0.000164282421117434,4.67598242329065,0,0,1
"216","Palaeeudyptes_gunnari","Inkayacu_paracasensis",0.647,3.84647841511804,0.605866672904995,6.6859145459244,2,0,4
"217","Palaeeudyptes_gunnari","Burnside_Palaeeudyptes",0.647,3.70665154461532,0.578622666586426,6.4942663052453,1,0,4
"218","Palaeeudyptes_gunnari","Kairuku_waitaki",0.61,13.5980150217441,9.66039474058646,17.1178234142518,4,1,7
"219","Palaeeudyptes_gunnari","Kairuku_grebneffi",0.61,14.023039258452,10.2514449744739,17.2670809041168,4,1,7
"190","Palaeeudyptes_gunnari","Palaeeudyptes_antarcticus",0.609,3.81572612653813,0.513734308349882,6.50656560503508,2,0,5
"42","Spheniscus_muizoni","Spheniscus_demersus",0.603,7.75714077414222,5.44745529558899,9.66455039713399,3,3,5
"43","Spheniscus_muizoni","Spheniscus_humboldti",0.603,2.05103994983717,0.000572876170004122,3.85812907677971,0,0,2
"60","Spheniscus_muizoni","Spheniscus_magellanicus",0.603,8.21399373348946,5.9207354930531,10.0496560758294,3,3,5
"61","Spheniscus_muizoni","Spheniscus_mendiculus",0.603,8.21399373348946,5.9207354930531,10.0496560758294,3,3,5
"213","Palaeeudyptes_gunnari","Pachydyptes_ponderosus",0.597,5.21739288944034,1.63195497712665,8.24693156800201,3,1,6
"215","Palaeeudyptes_gunnari","Icadyptes_salasi",0.597,3.97668267057406,0.763579994931753,6.97055119901269,2,0,5
"493","Muriwaimanu_tuatahi","Delphinornis_wimani",0.595,16.0368394262909,14.5186801320415,17.3818895985759,3,2,6
"529","Muriwaimanu_tuatahi","Delphinornis_arctowskii",0.595,20.003860575727,17.0399780899524,23.5365385607499,5,3,8
"494","Muriwaimanu_tuatahi","Delphinornis_larseni",0.595,17.1241080570976,15.2880680995646,18.9537350140512,4,2,6
"528","Muriwaimanu_tuatahi","Delphinornis_gracilis",0.595,19.8800560429465,16.756179120395,23.3036561402661,5,3,8
"495","Muriwaimanu_tuatahi","Mesetaornis_polaris",0.595,16.1575423828089,14.6406330255428,17.5054847716639,4,2,6
"496","Muriwaimanu_tuatahi","Marambiornis_exilis",0.595,15.8846337228089,14.3677243655428,17.2325761116639,4,2,5
"478","Muriwaimanu_tuatahi","Megadyptes_antipodes",0.594,57.2495433029066,55.7399366626249,58.6265709991829,19,14,23
"479","Muriwaimanu_tuatahi","Eudyptes_pachyrhynchus",0.594,57.2454899787492,55.7595403249876,58.6400805208465,22,18,27
"480","Muriwaimanu_tuatahi","Eudyptula_minor",0.594,57.2486158291586,55.7388640304858,58.6236375449814,17,12,22
"481","Muriwaimanu_tuatahi","Spheniscus_demersus",0.594,56.8722684502454,55.2712917203513,58.4228170125094,23,18,28
"482","Muriwaimanu_tuatahi","Spheniscus_humboldti",0.594,51.2461155225239,49.3305738031505,53.180129938018,20,15,25
"483","Muriwaimanu_tuatahi","Spheniscus_urbinai",0.594,47.5451878513679,45.5400043374964,49.6491092498802,18,14,23
"484","Muriwaimanu_tuatahi","Spheniscus_megaramphus",0.594,49.1316774666062,46.0315034920857,52.0135721608798,20,15,24
"485","Muriwaimanu_tuatahi","Spheniscus_muizoni",0.594,47.6345192547791,45.5815423821935,49.5847637701678,18,14,23
"486","Muriwaimanu_tuatahi","Palaeospheniscus_bergi",0.594,37.4014821816144,34.0284686404055,40.2126646356183,12,8,16
"487","Muriwaimanu_tuatahi","Platydyptes_novaezealandiae",0.594,22.4172899480172,20.5404383440265,24.2443113472372,8,5,11
"497","Muriwaimanu_tuatahi","Pygoscelis_grandis",0.594,50.7454421951687,47.9394056324088,53.5312995125781,18,12,22
"499","Muriwaimanu_tuatahi","Aptenodytes_forsteri",0.594,57.3189288101963,55.8001681320414,58.6645407461399,19,13,24
"500","Muriwaimanu_tuatahi","Aptenodytes_patagonicus",0.594,57.3189288101963,55.8001681320414,58.6645407461399,19,13,24
"501","Muriwaimanu_tuatahi","Pygoscelis_antarctica",0.594,57.3189288101963,55.8001681320414,58.6645407461399,19,14,25
"502","Muriwaimanu_tuatahi","Pygoscelis_papua",0.594,57.3189288101963,55.8001681320414,58.6645407461399,19,14,25
"503","Muriwaimanu_tuatahi","Pygoscelis_adeliae",0.594,57.3189288101963,55.8001681320414,58.6645407461399,19,13,24
"504","Muriwaimanu_tuatahi","Eudyptes_chrysocome",0.594,57.3189288101963,55.8001681320414,58.6645407461399,23,17,27
"505","Muriwaimanu_tuatahi","Eudyptes_chrysolophus",0.594,57.3189288101963,55.8001681320414,58.6645407461399,22,17,26
"506","Muriwaimanu_tuatahi","Eudyptes_filholi",0.594,57.3189288101963,55.8001681320414,58.6645407461399,23,17,27
"507","Muriwaimanu_tuatahi","Eudyptes_moseleyi",0.594,57.3189288101963,55.8001681320414,58.6645407461399,22,16,26
"508","Muriwaimanu_tuatahi","Eudyptes_robustus",0.594,57.3189288101963,55.8001681320414,58.6645407461399,22,18,27
"509","Muriwaimanu_tuatahi","Eudyptes_schlegeli",0.594,57.3189288101963,55.8001681320414,58.6645407461399,22,17,26
"510","Muriwaimanu_tuatahi","Eudyptes_sclateri",0.594,57.3189288101963,55.8001681320414,58.6645407461399,21,15,25
"511","Muriwaimanu_tuatahi","Madrynornis_mirandus",0.594,47.3140013172956,45.6972861884526,48.803940605391,17,12,21
"512","Muriwaimanu_tuatahi","Spheniscus_magellanicus",0.594,57.3189288101963,55.8001681320414,58.6645407461399,23,18,28
"513","Muriwaimanu_tuatahi","Spheniscus_mendiculus",0.594,57.3189288101963,55.8001681320414,58.6645407461399,23,18,28
"514","Muriwaimanu_tuatahi","Marplesornis_novaezealandiae",0.594,51.2496836814815,43.2874039137046,55.6726355192875,19,12,25
"515","Muriwaimanu_tuatahi","Palaeospheniscus_biloculata",0.594,38.3095335151044,36.4641250235196,40.1405219968687,13,9,17
"516","Muriwaimanu_tuatahi","Palaeospheniscus_patagonicus",0.594,38.2792896491414,36.3946078678181,40.1090859321269,13,9,17
"517","Muriwaimanu_tuatahi","Eretiscus_tonnii",0.594,38.367847762408,36.5392952727593,40.2360928398821,13,9,17
"518","Muriwaimanu_tuatahi","Platydyptes_marplesi",0.594,30.9953757214593,28.951714064865,33.0061386044579,10,6,13
"488","Muriwaimanu_tuatahi","Paraptenodytes_antarcticus",0.594,38.3112248658241,36.3959159372431,40.1028914431931,11,7,15
"489","Muriwaimanu_tuatahi","Palaeeudyptes_klekowskii",0.594,16.0626284192705,14.5437623320415,17.4081349461399,5,2,6
"490","Muriwaimanu_tuatahi","Palaeeudyptes_gunnari",0.594,14.8439652157377,12.745696520076,16.9389096015064,4,2,5
"491","Muriwaimanu_tuatahi","Anthropornis_nordenskjoeldi",0.594,16.0599726311222,14.5413173620415,17.4056899761399,4,3,6
"492","Muriwaimanu_tuatahi","Anthropornis_grandis",0.594,16.0766224011222,14.5579671320415,17.4223397461399,4,3,6
"498","Muriwaimanu_tuatahi","Palaeeudyptes_antarcticus",0.594,20.7057428124099,19.0205568466393,22.4505642610399,8,5,10
"519","Muriwaimanu_tuatahi","Archaeospheniscus_lopdelli",0.594,31.0630098461295,29.1250776319715,33.1797697006943,11,6,14
"520","Muriwaimanu_tuatahi","Archaeospheniscus_lowei",0.594,31.0944744796863,29.0624223487443,33.0988574693312,10,6,14
"521","Muriwaimanu_tuatahi","Pachydyptes_ponderosus",0.594,22.150627367158,20.2137828645448,23.9887046185353,9,5,11
"522","Muriwaimanu_tuatahi","Perudyptes_devriesi",0.594,11.7147920327493,8.58068442883757,15.7021848694762,2,0,3
"523","Muriwaimanu_tuatahi","Icadyptes_salasi",0.594,20.9534538131845,19.1250064006197,22.7499670446815,8,5,11
"524","Muriwaimanu_tuatahi","Inkayacu_paracasensis",0.594,20.8454538714338,18.9837896001048,22.6305857662115,8,5,10
"525","Muriwaimanu_tuatahi","Burnside_Palaeeudyptes",0.594,20.6871324616712,18.975763375648,22.4488874609969,7,5,10
"526","Muriwaimanu_tuatahi","Kairuku_waitaki",0.594,30.5813706754878,28.3886027673168,32.9561050434126,10,7,13
"527","Muriwaimanu_tuatahi","Kairuku_grebneffi",0.594,31.0035035806632,29.0148918268993,32.9899487911156,10,7,13
"530","Muriwaimanu_tuatahi","Duntroonornis_parvus",0.594,31.0991845188259,29.1267926201996,33.1651328116387,11,6,14
"588","Madrynornis_mirandus","Megadyptes_antipodes",0.531,9.92894367238871,9.62686401259508,10.220274453335,1,1,2
"589","Madrynornis_mirandus","Eudyptes_pachyrhynchus",0.531,9.92714607327257,9.6307994381426,10.2206420686474,5,4,6
"602","Madrynornis_mirandus","Eudyptes_chrysocome",0.531,9.99698455560814,9.70851029452856,10.2734737438244,5,4,7
"603","Madrynornis_mirandus","Eudyptes_chrysolophus",0.531,9.99698455560814,9.70851029452856,10.2734737438244,4,3,5
"604","Madrynornis_mirandus","Eudyptes_filholi",0.531,9.99698455560814,9.70851029452856,10.2734737438244,5,4,7
"605","Madrynornis_mirandus","Eudyptes_moseleyi",0.531,9.99698455560814,9.70851029452856,10.2734737438244,4,3,6
"606","Madrynornis_mirandus","Eudyptes_robustus",0.531,9.99698455560814,9.70851029452856,10.2734737438244,5,4,6
"607","Madrynornis_mirandus","Eudyptes_schlegeli",0.531,9.99698455560814,9.70851029452856,10.2734737438244,4,3,5
"608","Madrynornis_mirandus","Eudyptes_sclateri",0.531,9.99698455560814,9.70851029452856,10.2734737438244,3,2,5
"1190","Waimanu_manneringi","Delphinornis_larseni",0.521,20.8525830947896,19.8413354252568,21.8497767667075,5,2,8
"1225","Waimanu_manneringi","Delphinornis_gracilis",0.521,23.6023920355018,21.3498986231555,26.7154204591403,6,3,9
"1226","Waimanu_manneringi","Delphinornis_arctowskii",0.521,23.681079240978,21.4469012162597,26.8402534487041,7,3,9
"1189","Waimanu_manneringi","Delphinornis_wimani",0.521,19.7438469045466,19.2221317515,20.2623189998326,5,2,7
"1174","Waimanu_manneringi","Megadyptes_antipodes",0.521,60.9574640964515,60.4482865149046,61.5039147835576,20,14,24
"1175","Waimanu_manneringi","Eudyptes_pachyrhynchus",0.521,60.9542451636784,60.4492452144369,61.5089760609554,24,18,28
"1176","Waimanu_manneringi","Eudyptula_minor",0.521,60.9565764941929,60.4397066285718,61.4946020027167,19,14,24
"1177","Waimanu_manneringi","Spheniscus_demersus",0.521,60.5873660613661,59.9026426492986,61.2767800609662,25,20,30
"1178","Waimanu_manneringi","Spheniscus_humboldti",0.521,55.0088836902577,53.7572418428722,56.0646489549667,22,17,27
"1179","Waimanu_manneringi","Spheniscus_urbinai",0.521,51.3473303356662,49.9005978601569,52.4315681788191,20,14,24
"1180","Waimanu_manneringi","Spheniscus_megaramphus",0.521,52.871599788054,50.2615026807055,55.2541656619291,21,16,26
"1181","Waimanu_manneringi","Spheniscus_muizoni",0.521,51.4458443777892,50.0011097609545,52.4874334191819,20,14,24
"1182","Waimanu_manneringi","Palaeospheniscus_bergi",0.521,41.2358609009622,38.1799805713867,43.1712199689138,14,9,18
"1183","Waimanu_manneringi","Platydyptes_novaezealandiae",0.521,26.1747752286605,25.0400764997218,27.1270876778833,9,5,12
"1184","Waimanu_manneringi","Paraptenodytes_antarcticus",0.521,42.0277007730184,40.9632453249176,43.048870395908,12,7,16
"1185","Waimanu_manneringi","Palaeeudyptes_klekowskii",0.521,19.7685317973004,19.2472139515,20.2874011998326,6,3,8
"1186","Waimanu_manneringi","Palaeeudyptes_gunnari",0.521,18.616970376051,17.0824687464787,19.8606546653747,5,3,7
"1187","Waimanu_manneringi","Anthropornis_nordenskjoeldi",0.521,19.7660868273004,19.2447689815,20.2849562298326,5,3,7
"1188","Waimanu_manneringi","Anthropornis_grandis",0.521,19.7827365973004,19.2614187515,20.3016059998326,5,3,7
"1191","Waimanu_manneringi","Mesetaornis_polaris",0.521,19.8650113280297,19.3434310515,20.3836182998326,5,2,7
"1192","Waimanu_manneringi","Marambiornis_exilis",0.521,19.5921026680297,19.0705223915,20.1107096398326,5,3,7
"1194","Waimanu_manneringi","Pygoscelis_grandis",0.521,54.4405144708082,52.2745656777462,56.5873841661196,19,14,24
"1195","Waimanu_manneringi","Palaeeudyptes_antarcticus",0.521,24.4463626395282,23.553071790306,25.3325418793888,9,6,12
"1196","Waimanu_manneringi","Aptenodytes_forsteri",0.521,61.0249375973004,60.5036197515,61.5438069998326,20,14,26
"1197","Waimanu_manneringi","Aptenodytes_patagonicus",0.521,61.0249375973004,60.5036197515,61.5438069998326,20,14,26
"1198","Waimanu_manneringi","Pygoscelis_antarctica",0.521,61.0249375973004,60.5036197515,61.5438069998326,21,14,26
"1199","Waimanu_manneringi","Pygoscelis_papua",0.521,61.0249375973004,60.5036197515,61.5438069998326,21,14,26
"1200","Waimanu_manneringi","Pygoscelis_adeliae",0.521,61.0249375973004,60.5036197515,61.5438069998326,20,13,25
"1201","Waimanu_manneringi","Eudyptes_chrysocome",0.521,61.0249375973004,60.5036197515,61.5438069998326,24,19,29
"1202","Waimanu_manneringi","Eudyptes_chrysolophus",0.521,61.0249375973004,60.5036197515,61.5438069998326,23,18,28
"1203","Waimanu_manneringi","Eudyptes_filholi",0.521,61.0249375973004,60.5036197515,61.5438069998326,24,19,29
"1204","Waimanu_manneringi","Eudyptes_moseleyi",0.521,61.0249375973004,60.5036197515,61.5438069998326,23,18,28
"1205","Waimanu_manneringi","Eudyptes_robustus",0.521,61.0249375973004,60.5036197515,61.5438069998326,24,18,28
"1206","Waimanu_manneringi","Eudyptes_schlegeli",0.521,61.0249375973004,60.5036197515,61.5438069998326,23,18,28
"1207","Waimanu_manneringi","Eudyptes_sclateri",0.521,61.0249375973004,60.5036197515,61.5438069998326,22,17,27
"1208","Waimanu_manneringi","Madrynornis_mirandus",0.521,51.0383344691321,50.3610261495864,51.7101839761761,18,13,23
"1209","Waimanu_manneringi","Spheniscus_magellanicus",0.521,61.0249375973004,60.5036197515,61.5438069998326,25,20,30
"1210","Waimanu_manneringi","Spheniscus_mendiculus",0.521,61.0249375973004,60.5036197515,61.5438069998326,25,20,30
"1211","Waimanu_manneringi","Marplesornis_novaezealandiae",0.521,55.0344186827629,47.4036216011804,58.894680306912,20,12,26
"1212","Waimanu_manneringi","Palaeospheniscus_biloculata",0.521,42.0040657080387,40.9991157474668,43.0853600593766,14,9,18
"1213","Waimanu_manneringi","Palaeospheniscus_patagonicus",0.521,41.9875884248607,40.9774756925561,43.041945386911,15,10,19
"1214","Waimanu_manneringi","Eretiscus_tonnii",0.521,42.1170478968091,41.0286215488542,43.125289236736,14,9,18
"1215","Waimanu_manneringi","Platydyptes_marplesi",0.521,34.6874976631268,33.4731246453366,35.9488988012546,11,7,15
"1216","Waimanu_manneringi","Archaeospheniscus_lopdelli",0.521,34.7649966867564,33.5391568773904,36.076727258614,12,8,16
"1217","Waimanu_manneringi","Archaeospheniscus_lowei",0.521,34.8486599320077,33.5627222670594,36.0450249354369,12,7,16
"1218","Waimanu_manneringi","Pachydyptes_ponderosus",0.521,25.8604413531335,24.7757494643249,26.9664285374836,10,7,13
"1219","Waimanu_manneringi","Perudyptes_devriesi",0.521,15.3398799834741,12.9513386639128,19.077984058063,3,1,5
"1220","Waimanu_manneringi","Icadyptes_salasi",0.521,24.6905534993788,23.6529865540414,25.6579243655942,9,6,12
"1221","Waimanu_manneringi","Inkayacu_paracasensis",0.521,24.5619688614786,23.5984788047068,25.6189314772961,9,5,11
"1222","Waimanu_manneringi","Burnside_Palaeeudyptes",0.521,24.4088690323003,23.5314938559763,25.3288267266437,9,5,11
"1223","Waimanu_manneringi","Kairuku_waitaki",0.521,34.2813471918111,32.6982354078325,35.8816644411739,11,7,14
"1224","Waimanu_manneringi","Kairuku_grebneffi",0.521,34.686859607068,33.457082852754,35.9509319411427,12,8,15
"1227","Waimanu_manneringi","Duntroonornis_parvus",0.521,34.8341591232974,33.566217963966,36.0647572632143,12,8,16
"181","Palaeeudyptes_gunnari","Paraptenodytes_antarcticus",0.501,21.0279734295865,16.3524494216544,24.4754734151986,6,1,9
"211","Palaeeudyptes_gunnari","Archaeospheniscus_lopdelli",0.501,13.8066426150176,8.8867755516677,17.1581889713853,5,1,9
"212","Palaeeudyptes_gunnari","Archaeospheniscus_lowei",0.501,13.8358914057599,9.06917508744006,17.3547346226632,5,1,9
"222","Palaeeudyptes_gunnari","Duntroonornis_parvus",0.501,13.840640277031,9.32594759812637,17.586215849224,5,2,9
"171","Palaeeudyptes_gunnari","Megadyptes_antipodes",0.498,40.0158222380848,36.2006553502705,43.4243028932381,13,8,17
"172","Palaeeudyptes_gunnari","Eudyptes_pachyrhynchus",0.498,40.009615021557,36.1883855925531,43.4165006757589,17,12,21
"173","Palaeeudyptes_gunnari","Eudyptula_minor",0.498,40.0128105276598,36.1865328307816,43.4268659846929,12,8,17
"174","Palaeeudyptes_gunnari","Spheniscus_demersus",0.498,39.6370436686405,35.5093465966184,42.7805154822361,18,13,23
"175","Palaeeudyptes_gunnari","Spheniscus_humboldti",0.498,34.0325196945918,29.82275711198,37.2583286030846,15,10,20
"176","Palaeeudyptes_gunnari","Spheniscus_urbinai",0.498,30.2810751675813,26.1607942575486,33.7816457205559,13,8,17
"177","Palaeeudyptes_gunnari","Spheniscus_megaramphus",0.498,31.8424850950001,27.3085211418574,36.2498091835817,14,10,19
"178","Palaeeudyptes_gunnari","Spheniscus_muizoni",0.498,30.3839263521554,26.071671287305,33.5595179864343,13,8,17
"179","Palaeeudyptes_gunnari","Palaeospheniscus_bergi",0.498,20.0206193887272,14.9882126451588,23.9176016833254,7,3,11
"189","Palaeeudyptes_gunnari","Pygoscelis_grandis",0.498,33.5088922581404,28.8801879495883,37.6334155183806,12,8,17
"191","Palaeeudyptes_gunnari","Aptenodytes_forsteri",0.498,40.0807842087912,36.1648936325465,43.3866133781956,14,8,19
"192","Palaeeudyptes_gunnari","Aptenodytes_patagonicus",0.498,40.0807842087912,36.1648936325465,43.3866133781956,14,8,19
"193","Palaeeudyptes_gunnari","Pygoscelis_antarctica",0.498,40.0807842087912,36.1648936325465,43.3866133781956,14,8,19
"194","Palaeeudyptes_gunnari","Pygoscelis_papua",0.498,40.0807842087912,36.1648936325465,43.3866133781956,14,8,19
"195","Palaeeudyptes_gunnari","Pygoscelis_adeliae",0.498,40.0807842087912,36.1648936325465,43.3866133781956,13,7,18
"196","Palaeeudyptes_gunnari","Eudyptes_chrysocome",0.498,40.0807842087912,36.1648936325465,43.3866133781956,17,13,22
"197","Palaeeudyptes_gunnari","Eudyptes_chrysolophus",0.498,40.0807842087912,36.1648936325465,43.3866133781956,16,12,21
"198","Palaeeudyptes_gunnari","Eudyptes_filholi",0.498,40.0807842087912,36.1648936325465,43.3866133781956,17,13,22
"199","Palaeeudyptes_gunnari","Eudyptes_moseleyi",0.498,40.0807842087912,36.1648936325465,43.3866133781956,16,12,21
"200","Palaeeudyptes_gunnari","Eudyptes_robustus",0.498,40.0807842087912,36.1648936325465,43.3866133781956,17,12,21
"201","Palaeeudyptes_gunnari","Eudyptes_schlegeli",0.498,40.0807842087912,36.1648936325465,43.3866133781956,16,12,21
"202","Palaeeudyptes_gunnari","Eudyptes_sclateri",0.498,40.0807842087912,36.1648936325465,43.3866133781956,15,11,20
"203","Palaeeudyptes_gunnari","Madrynornis_mirandus",0.498,30.0901176498895,26.0027361090118,33.271429845334,11,7,16
"204","Palaeeudyptes_gunnari","Spheniscus_magellanicus",0.498,40.0807842087912,36.1648936325465,43.3866133781956,18,13,23
"205","Palaeeudyptes_gunnari","Spheniscus_mendiculus",0.498,40.0807842087912,36.1648936325465,43.3866133781956,18,13,23
"206","Palaeeudyptes_gunnari","Marplesornis_novaezealandiae",0.498,33.5846048632642,25.2405751895694,39.7619836246483,14,6,19
"207","Palaeeudyptes_gunnari","Palaeospheniscus_biloculata",0.498,21.0804253446135,17.0319771388005,24.3976434478415,8,4,12
"208","Palaeeudyptes_gunnari","Palaeospheniscus_patagonicus",0.498,21.0597577118707,16.8757397802577,24.2991198446387,8,4,12
"209","Palaeeudyptes_gunnari","Eretiscus_tonnii",0.498,21.1250166665557,16.8672950633067,24.2646315747795,7,3,11
"210","Palaeeudyptes_gunnari","Platydyptes_marplesi",0.493,13.765703277661,9.56670869008917,17.0822142536061,5,2,8
"180","Palaeeudyptes_gunnari","Platydyptes_novaezealandiae",0.493,5.17193055985472,1.11689746365167,8.46775728242598,2,0,5
"389","Delphinornis_larseni","Delphinornis_gracilis",0.487,1.46364758767235,0.000138130136882353,4.29390295098143,0,0,0
"11","Spheniscus_urbinai","Spheniscus_megaramphus",0.45,1.068315768148,0.000650955750561621,3.03913112143094,0,0,2
"1193","Waimanu_manneringi","Muriwaimanu_tuatahi",0.45,1.91069566661689,0.557434597497384,3.19749062069759,0,0,1
"584","Palaeeudyptes_antarcticus","Kairuku_waitaki",0.408,2.15462235024398,0.00163099535288325,8.26808560021396,1,0,1
"585","Palaeeudyptes_antarcticus","Kairuku_grebneffi",0.407,2.49077805249251,0.000260720955463256,8.74557998378258,1,0,1
"182","Palaeeudyptes_gunnari","Palaeeudyptes_klekowskii",0.4,0.577534954312128,0.000752095936171315,1.88087295122634,0,0,1
"139","Palaeeudyptes_klekowskii","Palaeeudyptes_antarcticus",0.391,2.59020547979129,0.207283791415257,4.54431766090487,1,0,3
"166","Palaeeudyptes_klekowskii","Kairuku_waitaki",0.387,12.3786067724259,9.15944717083094,15.2600405875381,4,1,6
"167","Palaeeudyptes_klekowskii","Kairuku_grebneffi",0.387,12.7888475462899,9.77628813791863,15.3906652131989,4,1,6
"163","Palaeeudyptes_klekowskii","Icadyptes_salasi",0.381,2.77070106444268,0.427677659946468,4.96700224619291,1,0,3
"162","Palaeeudyptes_klekowskii","Pachydyptes_ponderosus",0.381,3.9463492726903,1.44099554556337,6.34554087266552,2,0,4
"164","Palaeeudyptes_klekowskii","Inkayacu_paracasensis",0.347,2.80142666303365,0.563546377107443,4.9300052391866,1,0,3
"165","Palaeeudyptes_klekowskii","Burnside_Palaeeudyptes",0.346,2.66235339055509,0.359426452389897,4.60284521539197,1,0,3
"945","Icadyptes_salasi","Pachydyptes_ponderosus",0.346,1.37288876927216,0.254472989976179,2.43574101723596,0,0,1
"533","Pygoscelis_grandis","Aptenodytes_forsteri",0.342,4.2022312257045,2.60468924487722,7.46389900314144,1,1,1
"534","Pygoscelis_grandis","Aptenodytes_patagonicus",0.342,4.2022312257045,2.60129029604647,7.46103956840516,1,1,1
"126","Platydyptes_novaezealandiae","Duntroonornis_parvus",0.317,3.57060416524258,0.074295857986904,8.01388509192534,1,0,3
"137","Palaeeudyptes_klekowskii","Paraptenodytes_antarcticus",0.291,19.847973775274,16.4201488030841,22.6522447249996,5,2,8
"160","Palaeeudyptes_klekowskii","Archaeospheniscus_lopdelli",0.291,12.5482835109999,8.89511753736349,15.4672951805953,4,1,7
"161","Palaeeudyptes_klekowskii","Archaeospheniscus_lowei",0.291,12.6481870724309,8.93578579498413,15.4455339897971,4,1,7
"170","Palaeeudyptes_klekowskii","Duntroonornis_parvus",0.291,12.5683896684366,8.84278174985754,15.2845361548433,4,1,7
"127","Palaeeudyptes_klekowskii","Megadyptes_antipodes",0.289,38.8178723200098,36.0250515936001,41.1220219418879,13,8,16
"128","Palaeeudyptes_klekowskii","Eudyptes_pachyrhynchus",0.289,38.8145754193881,36.0883270487585,41.1864721064928,16,12,20
"129","Palaeeudyptes_klekowskii","Eudyptula_minor",0.289,38.8191826495161,36.0817712252451,41.1872592204219,11,7,16
"130","Palaeeudyptes_klekowskii","Spheniscus_demersus",0.289,38.4358967760322,35.5412316385156,40.8036113196044,17,12,21
"131","Palaeeudyptes_klekowskii","Spheniscus_humboldti",0.289,32.7948403629117,29.9240064498514,35.6854447325638,14,9,18
"132","Palaeeudyptes_klekowskii","Spheniscus_urbinai",0.289,29.0851081960737,25.9679170050223,31.7806792791334,12,8,16
"133","Palaeeudyptes_klekowskii","Spheniscus_megaramphus",0.289,30.5372586066145,26.7976974050232,34.0993862566645,13,9,17
"134","Palaeeudyptes_klekowskii","Spheniscus_muizoni",0.289,29.1822380050022,26.1030734196477,31.857241769595,12,8,16
"135","Palaeeudyptes_klekowskii","Palaeospheniscus_bergi",0.289,18.8892602060571,14.9884654750874,22.3879746469329,6,3,10
"138","Palaeeudyptes_klekowskii","Pygoscelis_grandis",0.289,32.2131376914452,28.7120390243391,35.9065553000235,12,8,16
"140","Palaeeudyptes_klekowskii","Aptenodytes_forsteri",0.289,38.8865229174127,36.1207284042811,41.2147831227723,13,8,18
"141","Palaeeudyptes_klekowskii","Aptenodytes_patagonicus",0.289,38.8865229174127,36.1207284042811,41.2147831227723,13,8,18
"142","Palaeeudyptes_klekowskii","Pygoscelis_antarctica",0.289,38.8865229174127,36.1207284042811,41.2147831227723,13,8,18
"143","Palaeeudyptes_klekowskii","Pygoscelis_papua",0.289,38.8865229174127,36.1207284042811,41.2147831227723,13,8,18
"144","Palaeeudyptes_klekowskii","Pygoscelis_adeliae",0.289,38.8865229174127,36.1207284042811,41.2147831227723,12,7,17
"145","Palaeeudyptes_klekowskii","Eudyptes_chrysocome",0.289,38.8865229174127,36.1207284042811,41.2147831227723,17,13,21
"146","Palaeeudyptes_klekowskii","Eudyptes_chrysolophus",0.289,38.8865229174127,36.1207284042811,41.2147831227723,16,12,20
"147","Palaeeudyptes_klekowskii","Eudyptes_filholi",0.289,38.8865229174127,36.1207284042811,41.2147831227723,17,13,21
"148","Palaeeudyptes_klekowskii","Eudyptes_moseleyi",0.289,38.8865229174127,36.1207284042811,41.2147831227723,16,12,20
"149","Palaeeudyptes_klekowskii","Eudyptes_robustus",0.289,38.8865229174127,36.1207284042811,41.2147831227723,16,12,20
"150","Palaeeudyptes_klekowskii","Eudyptes_schlegeli",0.289,38.8865229174127,36.1207284042811,41.2147831227723,16,12,20
"151","Palaeeudyptes_klekowskii","Eudyptes_sclateri",0.289,38.8865229174127,36.1207284042811,41.2147831227723,15,11,19
"152","Palaeeudyptes_klekowskii","Madrynornis_mirandus",0.289,28.893117292103,26.100599713745,31.3951262644833,11,6,14
"153","Palaeeudyptes_klekowskii","Spheniscus_magellanicus",0.289,38.8865229174127,36.1207284042811,41.2147831227723,17,12,21
"154","Palaeeudyptes_klekowskii","Spheniscus_mendiculus",0.289,38.8865229174127,36.1207284042811,41.2147831227723,17,12,21
"155","Palaeeudyptes_klekowskii","Marplesornis_novaezealandiae",0.289,32.4256010123826,24.6401675444262,37.9195158665207,13,6,18
"156","Palaeeudyptes_klekowskii","Palaeospheniscus_biloculata",0.289,19.8634851715168,16.7305396027717,22.3855125040149,7,3,10
"157","Palaeeudyptes_klekowskii","Palaeospheniscus_patagonicus",0.289,19.8340913094033,16.7763847581333,22.4839740535951,7,3,10
"158","Palaeeudyptes_klekowskii","Eretiscus_tonnii",0.289,19.9347908565835,16.9258380314168,22.5393558810135,6,3,10
"122","Platydyptes_novaezealandiae","Archaeospheniscus_lopdelli",0.283,3.59228157224259,0.0766972013889351,7.91066969805707,1,0,3
"159","Palaeeudyptes_klekowskii","Platydyptes_marplesi",0.283,12.4771863020035,9.22190636971172,15.1302011833588,4,2,7
"136","Palaeeudyptes_klekowskii","Platydyptes_novaezealandiae",0.283,3.99040986857631,1.14688918204934,6.64071256264975,1,0,4
"100","Platydyptes_novaezealandiae","Paraptenodytes_antarcticus",0.279,10.6717175886418,6.45320479754255,15.5059407574295,2,0,4
"123","Platydyptes_novaezealandiae","Archaeospheniscus_lowei",0.274,3.70359944726934,0.193237273212691,8.17969054425376,2,0,3
"29","Spheniscus_urbinai","Marplesornis_novaezealandiae",0.269,3.60811737952534,0.184074708428541,6.97887760172832,0,0,3
"947","Icadyptes_salasi","Kairuku_grebneffi",0.266,10.0564928799565,8.7318987762527,11.4684731770357,2,0,3
"946","Icadyptes_salasi","Kairuku_waitaki",0.265,9.59592065247574,7.98767600298498,11.3509289885128,2,0,3
"89","Palaeospheniscus_bergi","Palaeospheniscus_patagonicus",0.263,0.926156857902729,0.000439103567845933,3.0476268644677,0,0,2
"88","Palaeospheniscus_bergi","Palaeospheniscus_biloculata",0.256,0.970741145754449,0.000192752146283226,3.06985366053812,0,0,2
"1237","Duntroonornis_parvus","Paraptenodytes_antarcticus",0.238,7.21259309974121,5.78823906521776,8.6252590719291,0,0,1
"762","Archaeospheniscus_lopdelli","Paraptenodytes_antarcticus",0.236,7.27776985713991,5.83174087784694,8.72644146850877,0,0,1
"9","Spheniscus_urbinai","Spheniscus_demersus",0.236,8.71904457919553,6.22775897997658,10.5538879165118,4,3,7
"10","Spheniscus_urbinai","Spheniscus_humboldti",0.236,3.06923154125219,0.535749517063263,5.00469437766805,1,0,3
"27","Spheniscus_urbinai","Spheniscus_magellanicus",0.236,9.18789061393362,6.64494313186883,10.8915829527216,4,3,7
"28","Spheniscus_urbinai","Spheniscus_mendiculus",0.236,9.18789061393362,6.64494313186883,10.8915829527216,4,3,6
"62","Spheniscus_muizoni","Marplesornis_novaezealandiae",0.225,3.27796539184795,0.0593694509848408,6.42147841025441,0,0,3
"854","Pachydyptes_ponderosus","Kairuku_grebneffi",0.207,8.83145282009307,7.3537716396027,10.2734944182167,1,0,1
"853","Pachydyptes_ponderosus","Kairuku_waitaki",0.207,8.38808190068306,6.6626777633776,10.1595859652023,1,0,1
"579","Palaeeudyptes_antarcticus","Archaeospheniscus_lowei",0.194,3.18392312486265,0.00267441431495996,9.70654401370658,1,0,4
"556","Palaeeudyptes_antarcticus","Paraptenodytes_antarcticus",0.194,8.85210879976497,2.94633206553628,17.2774950410507,1,0,4
"578","Palaeeudyptes_antarcticus","Archaeospheniscus_lopdelli",0.194,3.00215510092834,0.00122183864703018,9.75976012322587,1,0,4
"587","Palaeeudyptes_antarcticus","Duntroonornis_parvus",0.194,3.16055045160594,0.00841487335838309,9.94401889325918,1,0,4
"90","Palaeospheniscus_bergi","Eretiscus_tonnii",0.193,1.36689757575623,0.00500825345781308,3.37535905558822,0,0,2
"871","Perudyptes_devriesi","Anthropornis_nordenskjoeldi",0.18,5.37181693478828,3.16891001078453,6.5411444009647,2,1,4
"872","Perudyptes_devriesi","Anthropornis_grandis",0.18,5.38896915110289,3.17186753030736,6.55755211499272,2,1,4
"537","Pygoscelis_grandis","Pygoscelis_adeliae",0.177,5.08832081629931,2.7877938861233,7.88181664302313,1,0,1
"535","Pygoscelis_grandis","Pygoscelis_antarctica",0.177,5.21527193061861,2.99274004998876,7.97416716819842,2,0,2
"536","Pygoscelis_grandis","Pygoscelis_papua",0.177,5.21527193061861,3.00549973034606,8.010584921378,2,0,2
"720","Platydyptes_marplesi","Megadyptes_antipodes",0.175,26.3527037201169,25.2588311893126,27.2243734843135,8,6,10
"721","Platydyptes_marplesi","Eudyptes_pachyrhynchus",0.175,26.346936080084,25.2602017634225,27.230268013534,12,10,14
"722","Platydyptes_marplesi","Eudyptula_minor",0.175,26.349478879976,25.2711702717066,27.239430143856,7,4,10
"723","Platydyptes_marplesi","Spheniscus_demersus",0.175,25.968535185101,24.8341522424041,27.0185598348788,13,10,16
"724","Platydyptes_marplesi","Spheniscus_humboldti",0.175,20.3192006018992,18.7658008261025,21.8051327093946,10,6,12
"725","Platydyptes_marplesi","Spheniscus_urbinai",0.175,16.6377518575573,14.9239240233282,18.0766839305448,8,5,10
"726","Platydyptes_marplesi","Spheniscus_megaramphus",0.175,18.1844384643683,15.5089533239326,20.890579185143,9,6,12
"727","Platydyptes_marplesi","Spheniscus_muizoni",0.175,16.7718845927502,15.1204181740822,18.0907022152284,8,5,10
"728","Platydyptes_marplesi","Palaeospheniscus_bergi",0.175,6.68476986887466,4.00933958964478,8.82858414528043,2,0,3
"730","Platydyptes_marplesi","Pygoscelis_grandis",0.175,19.6953188525293,17.4618694756627,22.349577895032,7,5,10
"731","Platydyptes_marplesi","Aptenodytes_forsteri",0.175,26.4169379747133,25.3558435534838,27.2990679071666,8,5,12
"732","Platydyptes_marplesi","Aptenodytes_patagonicus",0.175,26.4169379747133,25.3558435534838,27.2990679071666,8,5,12
"733","Platydyptes_marplesi","Pygoscelis_antarctica",0.175,26.4169379747133,25.3558435534838,27.2990679071666,9,6,13
"734","Platydyptes_marplesi","Pygoscelis_papua",0.175,26.4169379747133,25.3558435534838,27.2990679071666,9,6,13
"735","Platydyptes_marplesi","Pygoscelis_adeliae",0.175,26.4169379747133,25.3558435534838,27.2990679071666,8,5,12
"736","Platydyptes_marplesi","Eudyptes_chrysocome",0.175,26.4169379747133,25.3558435534838,27.2990679071666,12,9,15
"737","Platydyptes_marplesi","Eudyptes_chrysolophus",0.175,26.4169379747133,25.3558435534838,27.2990679071666,11,9,14
"738","Platydyptes_marplesi","Eudyptes_filholi",0.175,26.4169379747133,25.3558435534838,27.2990679071666,12,9,15
"739","Platydyptes_marplesi","Eudyptes_moseleyi",0.175,26.4169379747133,25.3558435534838,27.2990679071666,11,8,14
"740","Platydyptes_marplesi","Eudyptes_robustus",0.175,26.4169379747133,25.3558435534838,27.2990679071666,12,10,14
"741","Platydyptes_marplesi","Eudyptes_schlegeli",0.175,26.4169379747133,25.3558435534838,27.2990679071666,11,9,14
"742","Platydyptes_marplesi","Eudyptes_sclateri",0.175,26.4169379747133,25.3558435534838,27.2990679071666,10,8,13
"743","Platydyptes_marplesi","Madrynornis_mirandus",0.175,16.3985418473501,15.2546463897624,17.4050388797204,7,4,9
"744","Platydyptes_marplesi","Spheniscus_magellanicus",0.175,26.4169379747133,25.3558435534838,27.2990679071666,13,10,16
"745","Platydyptes_marplesi","Spheniscus_mendiculus",0.175,26.4169379747133,25.3558435534838,27.2990679071666,13,10,16
"746","Platydyptes_marplesi","Marplesornis_novaezealandiae",0.175,20.2581078379827,12.7307727429208,24.6158094875766,9,2,12
"747","Platydyptes_marplesi","Palaeospheniscus_biloculata",0.175,7.36259858098151,6.00687487081957,8.87584097288321,3,1,4
"748","Platydyptes_marplesi","Palaeospheniscus_patagonicus",0.175,7.33836033627582,5.89489666907161,8.72758976062392,3,1,4
"749","Platydyptes_marplesi","Eretiscus_tonnii",0.175,7.46605229754861,6.08523324683039,8.87211538783283,2,1,4
"596","Madrynornis_mirandus","Pygoscelis_grandis",0.174,3.9802067529396,1.69798130481126,5.61165986467864,1,0,2
"1063","Kairuku_waitaki","Kairuku_grebneffi",0.172,1.19737599576186,0.159220332528427,2.41857671006108,0,0,0
"909","Perudyptes_devriesi","Duntroonornis_parvus",0.171,20.4114927207948,18.0390060106061,22.254510665403,9,6,13
"858","Perudyptes_devriesi","Megadyptes_antipodes",0.171,46.6252133652984,44.5319076725352,47.7502823285578,17,12,21
"859","Perudyptes_devriesi","Eudyptes_pachyrhynchus",0.171,46.6277649637513,44.5391187460104,47.7562511553295,21,16,25
"860","Perudyptes_devriesi","Eudyptula_minor",0.171,46.6298205049291,44.5573676146198,47.7570246693116,16,12,21
"861","Perudyptes_devriesi","Spheniscus_demersus",0.171,46.2769303896336,44.1077721448145,47.5822171408854,22,17,26
"862","Perudyptes_devriesi","Spheniscus_humboldti",0.171,40.6086899143905,38.3465298834281,42.3119794762546,19,14,23
"863","Perudyptes_devriesi","Spheniscus_urbinai",0.171,36.9056900752464,34.5862539172504,38.6216887581355,17,12,21
"864","Perudyptes_devriesi","Spheniscus_megaramphus",0.171,38.34086507482,35.3749420139465,41.4164166458451,18,13,22
"865","Perudyptes_devriesi","Spheniscus_muizoni",0.171,36.9775405894336,34.7636292769202,38.7525269074361,17,12,21
"866","Perudyptes_devriesi","Palaeospheniscus_bergi",0.171,26.6456173897648,23.4120963305114,29.3500850092153,11,6,14
"868","Perudyptes_devriesi","Paraptenodytes_antarcticus",0.171,27.6628972494099,25.4387166388243,29.2989853027207,10,6,13
"877","Perudyptes_devriesi","Pygoscelis_grandis",0.171,39.8915026598428,37.1686003103959,42.9290093871236,16,12,21
"878","Perudyptes_devriesi","Palaeeudyptes_antarcticus",0.171,10.0915135948627,7.96670803394572,11.6234927494391,6,4,9
"879","Perudyptes_devriesi","Aptenodytes_forsteri",0.171,46.7014730359878,44.6264035562346,47.7999951709647,18,12,23
"880","Perudyptes_devriesi","Aptenodytes_patagonicus",0.171,46.7014730359878,44.6264035562346,47.7999951709647,18,12,23
"881","Perudyptes_devriesi","Pygoscelis_antarctica",0.171,46.7014730359878,44.6264035562346,47.7999951709647,18,12,23
"882","Perudyptes_devriesi","Pygoscelis_papua",0.171,46.7014730359878,44.6264035562346,47.7999951709647,18,12,23
"883","Perudyptes_devriesi","Pygoscelis_adeliae",0.171,46.7014730359878,44.6264035562346,47.7999951709647,17,11,22
"884","Perudyptes_devriesi","Eudyptes_chrysocome",0.171,46.7014730359878,44.6264035562346,47.7999951709647,21,17,26
"885","Perudyptes_devriesi","Eudyptes_chrysolophus",0.171,46.7014730359878,44.6264035562346,47.7999951709647,20,16,25
"886","Perudyptes_devriesi","Eudyptes_filholi",0.171,46.7014730359878,44.6264035562346,47.7999951709647,21,17,26
"887","Perudyptes_devriesi","Eudyptes_moseleyi",0.171,46.7014730359878,44.6264035562346,47.7999951709647,20,16,25
"888","Perudyptes_devriesi","Eudyptes_robustus",0.171,46.7014730359878,44.6264035562346,47.7999951709647,21,16,25
"889","Perudyptes_devriesi","Eudyptes_schlegeli",0.171,46.7014730359878,44.6264035562346,47.7999951709647,20,16,25
"890","Perudyptes_devriesi","Eudyptes_sclateri",0.171,46.7014730359878,44.6264035562346,47.7999951709647,19,15,24
"891","Perudyptes_devriesi","Madrynornis_mirandus",0.171,36.6994426370647,34.5527654112925,38.0142474024197,16,11,20
"892","Perudyptes_devriesi","Spheniscus_magellanicus",0.171,46.7014730359878,44.6264035562346,47.7999951709647,22,17,26
"893","Perudyptes_devriesi","Spheniscus_mendiculus",0.171,46.7014730359878,44.6264035562346,47.7999951709647,22,17,26
"894","Perudyptes_devriesi","Marplesornis_novaezealandiae",0.171,40.3911651174682,33.0724239919492,45.2303768492986,18,10,23
"895","Perudyptes_devriesi","Palaeospheniscus_biloculata",0.171,27.670828689328,25.3092469289339,29.2911345936649,12,7,15
"896","Perudyptes_devriesi","Palaeospheniscus_patagonicus",0.171,27.6343321073405,25.4651032900802,29.3854783533644,12,7,15
"897","Perudyptes_devriesi","Eretiscus_tonnii",0.171,27.7266027723697,25.5048374880294,29.3623555926264,11,7,15
"899","Perudyptes_devriesi","Archaeospheniscus_lopdelli",0.171,20.3827571349546,18.2039830066802,22.360698714271,9,5,12
"900","Perudyptes_devriesi","Archaeospheniscus_lowei",0.171,20.4631064734925,18.1713595305443,22.3806013077668,9,6,13
"869","Perudyptes_devriesi","Palaeeudyptes_klekowskii",0.171,5.44481737988998,3.37785652552434,6.5435893709647,3,1,5
"870","Perudyptes_devriesi","Palaeeudyptes_gunnari",0.171,4.23752482105979,2.13003309181923,6.08561102961365,2,1,4
"901","Perudyptes_devriesi","Pachydyptes_ponderosus",0.171,11.5001104045376,9.29054989276254,13.2749573360213,7,4,9
"902","Perudyptes_devriesi","Icadyptes_salasi",0.171,10.3091776775107,8.19415272271785,12.0079036622502,6,4,9
"903","Perudyptes_devriesi","Inkayacu_paracasensis",0.171,10.2181617723569,8.01880675976188,11.9114896367186,6,4,8
"904","Perudyptes_devriesi","Burnside_Palaeeudyptes",0.171,10.0633046177267,7.89654200870373,11.6582571529523,6,3,8
"905","Perudyptes_devriesi","Kairuku_waitaki",0.171,19.8398993877984,17.3109500849343,22.0519012664143,9,5,11
"906","Perudyptes_devriesi","Kairuku_grebneffi",0.171,20.3029533402035,18.0393482652982,22.3317009879885,9,6,11
"546","Palaeeudyptes_antarcticus","Megadyptes_antipodes",0.171,34.4129958588703,22.3521609880419,36.6755864095492,10,5,13
"547","Palaeeudyptes_antarcticus","Eudyptes_pachyrhynchus",0.171,34.4051473455156,22.3645603677232,36.6855936254074,13,9,17
"548","Palaeeudyptes_antarcticus","Eudyptula_minor",0.171,34.3946421849129,22.4035984093529,36.7273318213128,9,4,13
"549","Palaeeudyptes_antarcticus","Spheniscus_demersus",0.171,33.9848816774859,21.8705576983536,36.2902358468547,14,9,18
"550","Palaeeudyptes_antarcticus","Spheniscus_humboldti",0.171,27.9495717030578,16.2147490695771,30.9473625339889,11,6,15
"551","Palaeeudyptes_antarcticus","Spheniscus_urbinai",0.171,24.0309688515886,12.5955918971004,27.4352977564923,9,5,13
"552","Palaeeudyptes_antarcticus","Spheniscus_megaramphus",0.171,24.7088804945559,13.5635774024335,29.7490052244487,11,6,14
"553","Palaeeudyptes_antarcticus","Spheniscus_muizoni",0.171,24.0803005457883,12.7694799380128,27.4882803689953,9,5,13
"554","Palaeeudyptes_antarcticus","Palaeospheniscus_bergi",0.171,12.6962127321497,1.6527955153658,17.8409106744614,3,0,6
"557","Palaeeudyptes_antarcticus","Pygoscelis_grandis",0.171,26.5930932685276,15.3694472638801,31.3726529670414,9,5,13
"558","Palaeeudyptes_antarcticus","Aptenodytes_forsteri",0.171,34.4789160898223,22.4057982852793,36.7378136015414,10,5,15
"559","Palaeeudyptes_antarcticus","Aptenodytes_patagonicus",0.171,34.4789160898223,22.4057982852793,36.7378136015414,10,5,15
"560","Palaeeudyptes_antarcticus","Pygoscelis_antarctica",0.171,34.4789160898223,22.4057982852793,36.7378136015414,11,6,16
"561","Palaeeudyptes_antarcticus","Pygoscelis_papua",0.171,34.4789160898223,22.4057982852793,36.7378136015414,11,6,16
"562","Palaeeudyptes_antarcticus","Pygoscelis_adeliae",0.171,34.4789160898223,22.4057982852793,36.7378136015414,10,5,15
"563","Palaeeudyptes_antarcticus","Eudyptes_chrysocome",0.171,34.4789160898223,22.4057982852793,36.7378136015414,14,10,18
"564","Palaeeudyptes_antarcticus","Eudyptes_chrysolophus",0.171,34.4789160898223,22.4057982852793,36.7378136015414,13,8,16
"565","Palaeeudyptes_antarcticus","Eudyptes_filholi",0.171,34.4789160898223,22.4057982852793,36.7378136015414,14,10,18
"566","Palaeeudyptes_antarcticus","Eudyptes_moseleyi",0.171,34.4789160898223,22.4057982852793,36.7378136015414,13,9,17
"567","Palaeeudyptes_antarcticus","Eudyptes_robustus",0.171,34.4789160898223,22.4057982852793,36.7378136015414,13,9,17
"568","Palaeeudyptes_antarcticus","Eudyptes_schlegeli",0.171,34.4789160898223,22.4057982852793,36.7378136015414,13,8,16
"569","Palaeeudyptes_antarcticus","Eudyptes_sclateri",0.171,34.4789160898223,22.4057982852793,36.7378136015414,12,8,16
"570","Palaeeudyptes_antarcticus","Madrynornis_mirandus",0.171,24.3753623338058,12.5395978469695,26.9509650614971,8,5,12
"571","Palaeeudyptes_antarcticus","Spheniscus_magellanicus",0.171,34.4789160898223,22.4057982852793,36.7378136015414,14,9,18
"572","Palaeeudyptes_antarcticus","Spheniscus_mendiculus",0.171,34.4789160898223,22.4057982852793,36.7378136015414,14,9,18
"573","Palaeeudyptes_antarcticus","Marplesornis_novaezealandiae",0.171,23.3783703369481,12.8586625942723,33.6724496293032,10,3,15
"574","Palaeeudyptes_antarcticus","Palaeospheniscus_biloculata",0.171,15.0836653630182,3.4246507426705,17.9449732679423,4,1,7
"575","Palaeeudyptes_antarcticus","Palaeospheniscus_patagonicus",0.171,15.0835048731267,3.30126788394039,17.9320944609701,4,1,7
"576","Palaeeudyptes_antarcticus","Eretiscus_tonnii",0.171,15.1453226213162,3.51673554957577,18.1767241602841,4,1,7
"867","Perudyptes_devriesi","Platydyptes_novaezealandiae",0.171,11.8079453276717,9.50040390247098,13.2951050038413,6,3,9
"898","Perudyptes_devriesi","Platydyptes_marplesi",0.171,20.3183957417366,17.9598614609035,22.1515882216653,9,5,12
"674","Palaeospheniscus_patagonicus","Aptenodytes_forsteri",0.159,19.126358641051,18.3131486124926,19.7992350311677,5,3,9
"675","Palaeospheniscus_patagonicus","Aptenodytes_patagonicus",0.159,19.126358641051,18.3131486124926,19.7992350311677,5,3,9
"676","Palaeospheniscus_patagonicus","Pygoscelis_antarctica",0.159,19.126358641051,18.3131486124926,19.7992350311677,5,4,10
"677","Palaeospheniscus_patagonicus","Pygoscelis_papua",0.159,19.126358641051,18.3131486124926,19.7992350311677,5,4,10
"678","Palaeospheniscus_patagonicus","Pygoscelis_adeliae",0.159,19.126358641051,18.3131486124926,19.7992350311677,4,3,9
"664","Palaeospheniscus_patagonicus","Megadyptes_antipodes",0.159,19.0570990691944,18.2098542538217,19.7211103623559,5,3,7
"665","Palaeospheniscus_patagonicus","Eudyptes_pachyrhynchus",0.159,19.0548185008051,18.212434752015,19.7192147273098,8,7,11
"666","Palaeospheniscus_patagonicus","Eudyptula_minor",0.159,19.0545956783974,18.1759118206965,19.6848601289517,3,1,7
"667","Palaeospheniscus_patagonicus","Spheniscus_demersus",0.159,18.6812245249987,17.7127836039029,19.4853129281969,10,6,12
"668","Palaeospheniscus_patagonicus","Spheniscus_humboldti",0.159,13.0239535281167,11.7739913759724,14.2748310199995,7,3,9
"669","Palaeospheniscus_patagonicus","Spheniscus_urbinai",0.159,9.40502387670388,7.92558253232003,10.7076193713809,4,2,7
"670","Palaeospheniscus_patagonicus","Spheniscus_megaramphus",0.159,10.9717401218774,8.34791165837074,13.4793005453852,6,2,8
"671","Palaeospheniscus_patagonicus","Spheniscus_muizoni",0.159,9.46784335910587,7.98111053933962,10.6955163588942,5,2,7
"673","Palaeospheniscus_patagonicus","Pygoscelis_grandis",0.159,12.4953980267334,10.1930898092297,14.781616232784,4,2,7
"679","Palaeospheniscus_patagonicus","Eudyptes_chrysocome",0.159,19.1265996550164,18.3131486124926,19.7992350311677,9,7,12
"680","Palaeospheniscus_patagonicus","Eudyptes_chrysolophus",0.159,19.1265996550164,18.3131486124926,19.7992350311677,8,6,11
"681","Palaeospheniscus_patagonicus","Eudyptes_filholi",0.159,19.1265996550164,18.3131486124926,19.7992350311677,9,7,12
"682","Palaeospheniscus_patagonicus","Eudyptes_moseleyi",0.159,19.1265996550164,18.3131486124926,19.7992350311677,8,6,11
"683","Palaeospheniscus_patagonicus","Eudyptes_robustus",0.159,19.1265996550164,18.3131486124926,19.7992350311677,8,7,11
"684","Palaeospheniscus_patagonicus","Eudyptes_schlegeli",0.159,19.1265996550164,18.3131486124926,19.7992350311677,8,6,11
"685","Palaeospheniscus_patagonicus","Eudyptes_sclateri",0.159,19.1265996550164,18.3131486124926,19.7992350311677,7,5,10
"686","Palaeospheniscus_patagonicus","Madrynornis_mirandus",0.159,9.12896836777339,8.16252938234601,9.91686415405324,3,2,6
"687","Palaeospheniscus_patagonicus","Spheniscus_magellanicus",0.159,19.1265996550164,18.3131486124926,19.7992350311677,10,6,12
"688","Palaeospheniscus_patagonicus","Spheniscus_mendiculus",0.159,19.1265996550164,18.3131486124926,19.7992350311677,10,6,12
"689","Palaeospheniscus_patagonicus","Marplesornis_novaezealandiae",0.153,13.2391764283178,5.64630848383092,17.2319205365237,6,0,9
"875","Perudyptes_devriesi","Mesetaornis_polaris",0.151,5.43001123723808,2.8498459423629,6.63956441499272,2,1,4
"876","Perudyptes_devriesi","Marambiornis_exilis",0.151,5.15654445343062,2.58780633724226,6.36689781096471,2,0,4
"12","Spheniscus_urbinai","Spheniscus_muizoni",0.148,0.373411477469688,0.000496061594736474,1.26312998602503,0,0,1
"349","Delphinornis_wimani","Duntroonornis_parvus",0.146,11.9977367650478,7.86031316616511,15.0574934013237,3,0,5
"341","Delphinornis_wimani","Archaeospheniscus_lopdelli",0.146,12.0580252386955,8.01706845242331,15.2504371719558,3,1,5
"317","Delphinornis_wimani","Paraptenodytes_antarcticus",0.146,19.3133668434085,15.4365004935229,22.5002667222701,3,1,6
"342","Delphinornis_wimani","Archaeospheniscus_lowei",0.145,12.0802661271504,8.06580919260332,15.2538706067401,3,0,5
"45","Spheniscus_muizoni","Spheniscus_megaramphus",0.141,1.0741840703269,0.0000838873469239942,3.26301805876466,0,0,2
"661","Palaeospheniscus_biloculata","Marplesornis_novaezealandiae",0.133,12.6502507231801,5.0496630226557,16.8820548550654,5,0,9
"31","Spheniscus_megaramphus","Spheniscus_demersus",0.13,6.9576869224916,5.31602393323918,9.96615932732879,3,3,5
"32","Spheniscus_megaramphus","Spheniscus_humboldti",0.13,1.44632159751792,0.00429491114641412,4.38256816569319,0,0,2
"36","Spheniscus_megaramphus","Spheniscus_magellanicus",0.13,7.37098282454748,5.75122117109429,10.3168125974257,3,3,5
"37","Spheniscus_megaramphus","Spheniscus_mendiculus",0.13,7.37098282454748,5.75122117109429,10.3168125974257,3,3,5
"907","Perudyptes_devriesi","Delphinornis_gracilis",0.129,8.99678281643533,5.54905797564857,12.7228685244771,4,1,7
"38","Spheniscus_megaramphus","Marplesornis_novaezealandiae",0.129,2.72215939294777,0.0138587834886224,5.86171647718285,0,0,2
"643","Palaeospheniscus_biloculata","Spheniscus_muizoni",0.128,9.41881669435171,7.90279167964837,10.6872398572499,4,2,7
"636","Palaeospheniscus_biloculata","Megadyptes_antipodes",0.128,18.9941170549357,18.1953276535451,19.7027128307821,5,3,7
"637","Palaeospheniscus_biloculata","Eudyptes_pachyrhynchus",0.128,19.0033706734018,18.199075836341,19.7050938218031,8,7,11
"638","Palaeospheniscus_biloculata","Eudyptula_minor",0.128,18.9947845536473,18.1918991810319,19.7138152753569,3,1,7
"639","Palaeospheniscus_biloculata","Spheniscus_demersus",0.128,18.6123090834056,17.7114182253242,19.4844419628239,10,6,12
"640","Palaeospheniscus_biloculata","Spheniscus_humboldti",0.128,12.9650309023825,11.5400457994238,14.2058184423071,7,3,9
"641","Palaeospheniscus_biloculata","Spheniscus_urbinai",0.128,9.29503012280265,7.81010226110651,10.6277501618597,4,2,7
"642","Palaeospheniscus_biloculata","Spheniscus_megaramphus",0.128,10.8636390705342,8.15939425349845,13.2574500024128,6,2,8
"646","Palaeospheniscus_biloculata","Aptenodytes_forsteri",0.128,19.0651660416669,18.281395905603,19.7830596073058,5,3,9
"647","Palaeospheniscus_biloculata","Aptenodytes_patagonicus",0.128,19.0651660416669,18.281395905603,19.7830596073058,5,3,9
"648","Palaeospheniscus_biloculata","Pygoscelis_antarctica",0.128,19.0651660416669,18.281395905603,19.7830596073058,5,4,10
"649","Palaeospheniscus_biloculata","Pygoscelis_papua",0.128,19.0651660416669,18.281395905603,19.7830596073058,5,4,10
"650","Palaeospheniscus_biloculata","Pygoscelis_adeliae",0.128,19.0651660416669,18.281395905603,19.7830596073058,4,3,9
"651","Palaeospheniscus_biloculata","Eudyptes_chrysocome",0.128,19.0651660416669,18.2804093289032,19.7830596073058,9,7,12
"652","Palaeospheniscus_biloculata","Eudyptes_chrysolophus",0.128,19.0651660416669,18.2804093289032,19.7830596073058,8,5,10
"653","Palaeospheniscus_biloculata","Eudyptes_filholi",0.128,19.0651660416669,18.2804093289032,19.7830596073058,9,7,12
"654","Palaeospheniscus_biloculata","Eudyptes_moseleyi",0.128,19.0651660416669,18.2804093289032,19.7830596073058,8,6,11
"655","Palaeospheniscus_biloculata","Eudyptes_robustus",0.128,19.0651660416669,18.2804093289032,19.7830596073058,8,7,11
"656","Palaeospheniscus_biloculata","Eudyptes_schlegeli",0.128,19.0651660416669,18.2804093289032,19.7830596073058,8,5,10
"657","Palaeospheniscus_biloculata","Eudyptes_sclateri",0.128,19.0651660416669,18.2804093289032,19.7830596073058,7,4,9
"658","Palaeospheniscus_biloculata","Madrynornis_mirandus",0.128,9.07778141047218,8.18921056387993,9.92171965945479,3,2,6
"659","Palaeospheniscus_biloculata","Spheniscus_magellanicus",0.128,19.0651660416669,18.2804093289032,19.7830596073058,10,6,12
"660","Palaeospheniscus_biloculata","Spheniscus_mendiculus",0.128,19.0651660416669,18.2804093289032,19.7830596073058,10,6,12
"645","Palaeospheniscus_biloculata","Pygoscelis_grandis",0.128,12.4361709014672,10.1946088003145,14.8490332408022,4,2,7
"874","Perudyptes_devriesi","Delphinornis_larseni",0.128,6.40845702760713,3.75308715385972,8.1254761059824,2,0,5
"340","Delphinornis_wimani","Platydyptes_marplesi",0.124,12.5062101937715,9.0519159728316,15.2718107905354,3,1,5
"316","Delphinornis_wimani","Platydyptes_novaezealandiae",0.124,3.88413056447973,0.995986008874084,6.74432347822156,1,0,3
"448","Marambiornis_exilis","Mesetaornis_polaris",0.123,0.135763548310727,0.0000024770733944024,0.255885533266522,0,0,0
"908","Perudyptes_devriesi","Delphinornis_arctowskii",0.12,9.04887141916944,5.4220995545291,12.8931560724422,4,2,7
"307","Delphinornis_wimani","Megadyptes_antipodes",0.119,38.7792001623776,35.7292028321406,41.2342665350449,12,8,15
"308","Delphinornis_wimani","Eudyptes_pachyrhynchus",0.119,38.7782014291135,35.7371162108001,41.246603429575,15,11,18
"309","Delphinornis_wimani","Eudyptula_minor",0.119,38.7863602981989,35.7195396814532,41.1942288766784,10,6,14
"310","Delphinornis_wimani","Spheniscus_demersus",0.119,38.3902042773267,35.2367577789785,40.9125519688105,16,13,20
"311","Delphinornis_wimani","Spheniscus_humboldti",0.119,32.7047288002636,29.3475021364549,35.6173206606171,13,10,17
"312","Delphinornis_wimani","Spheniscus_urbinai",0.119,29.1301714034639,25.8728903575775,31.9776990945206,11,7,14
"313","Delphinornis_wimani","Spheniscus_megaramphus",0.119,30.5325528773281,26.6210880378654,34.2428018920903,13,9,16
"314","Delphinornis_wimani","Spheniscus_muizoni",0.119,29.139847140523,25.9635435255216,32.1342992321672,11,8,15
"315","Delphinornis_wimani","Palaeospheniscus_bergi",0.119,18.7536265612833,14.513172469103,22.4720423763302,5,2,8
"319","Delphinornis_wimani","Pygoscelis_grandis",0.119,32.3083916903749,28.492096636308,36.1535711008773,11,7,14
"321","Delphinornis_wimani","Aptenodytes_forsteri",0.119,38.842640575588,35.8001602973676,41.2794093486832,12,7,16
"322","Delphinornis_wimani","Aptenodytes_patagonicus",0.119,38.842640575588,35.8001602973676,41.2794093486832,12,7,16
"323","Delphinornis_wimani","Pygoscelis_antarctica",0.119,38.842640575588,35.8001602973676,41.2794093486832,12,8,17
"324","Delphinornis_wimani","Pygoscelis_papua",0.119,38.842640575588,35.8001602973676,41.2794093486832,12,8,17
"325","Delphinornis_wimani","Pygoscelis_adeliae",0.119,38.842640575588,35.8001602973676,41.2794093486832,11,7,16
"326","Delphinornis_wimani","Eudyptes_chrysocome",0.119,38.842640575588,35.8001602973676,41.2794093486832,16,12,19
"327","Delphinornis_wimani","Eudyptes_chrysolophus",0.119,38.842640575588,35.8001602973676,41.2794093486832,15,11,18
"328","Delphinornis_wimani","Eudyptes_filholi",0.119,38.842640575588,35.8001602973676,41.2794093486832,16,12,19
"329","Delphinornis_wimani","Eudyptes_moseleyi",0.119,38.842640575588,35.8001602973676,41.2794093486832,15,11,18
"330","Delphinornis_wimani","Eudyptes_robustus",0.119,38.842640575588,35.8001602973676,41.2794093486832,15,11,18
"331","Delphinornis_wimani","Eudyptes_schlegeli",0.119,38.842640575588,35.8001602973676,41.2794093486832,15,11,18
"332","Delphinornis_wimani","Eudyptes_sclateri",0.119,38.842640575588,35.8001602973676,41.2794093486832,14,10,17
"333","Delphinornis_wimani","Madrynornis_mirandus",0.119,28.8507173132119,25.7269254669398,31.4017205166285,10,6,13
"334","Delphinornis_wimani","Spheniscus_magellanicus",0.119,38.842640575588,35.8001602973676,41.2794093486832,16,13,20
"335","Delphinornis_wimani","Spheniscus_mendiculus",0.119,38.842640575588,35.8001602973676,41.2794093486832,16,13,20
"336","Delphinornis_wimani","Marplesornis_novaezealandiae",0.119,32.6055781236213,24.5908613386091,37.8131853121376,12,5,16
"337","Delphinornis_wimani","Palaeospheniscus_biloculata",0.119,19.8211856870932,16.6897858475334,22.7621425786137,6,3,9
"338","Delphinornis_wimani","Palaeospheniscus_patagonicus",0.119,19.7690987600255,16.4363353155845,22.5492826864457,6,3,9
"339","Delphinornis_wimani","Eretiscus_tonnii",0.119,19.9059556204245,16.6192824376499,22.8144676972067,6,3,9
"873","Perudyptes_devriesi","Delphinornis_wimani",0.118,5.40102350533667,2.92876284940586,6.51826511499272,2,0,4
"577","Palaeeudyptes_antarcticus","Platydyptes_marplesi",0.117,9.11696164179133,2.20386310856229,11.3463525381693,2,0,3
"555","Palaeeudyptes_antarcticus","Platydyptes_novaezealandiae",0.116,0.817904598141347,0.000424576510596353,1.88253906463491,0,0,1
"580","Palaeeudyptes_antarcticus","Pachydyptes_ponderosus",0.106,0.733626009975275,0.000056976178271384,1.98183641118383,0,0,1
